{
	"canEditBikeModels": false,
	"dragCoefficient": 0.100000001490116,
	"userDrag": 0.100000001490116
}
