{"AO":0.5,"Color":"acbfaf","DetailingRot":0.160999998450279,"DetailingShift":0.0,"ID":1,"Name":"Grass","Normal":1.0,"Roughness":0.0,"UV":0.200000002980232}